<manifest alg="2" build="2018.0.0.379" opt="false" iceEnabled="true" iceMarkupVersion="2" iceEnabledOptions="link,responsive,cachebuster,textStyling" exportTarget="other" domain="fashionsite.com" resolutions="1x" timestamp="1550484060340">
  <folder name="css">
    <file name="site_global.css" crc="230121229"/>
    <file name="index.css" crc="4123287426" ref="index"/>
    <file name="blog-page.css" crc="495030340" ref="blog-page"/>
  </folder>
  <folder name="scripts">
    <file name="jquery-1.8.3.min.js" crc="209076791" ref="index:blog-page"/>
    <file name="museutils.js" crc="3803043152" ref="index:blog-page"/>
    <file name="whatinput.js" crc="86476730" ref="index:blog-page"/>
    <file name="museconfig.js" crc="380897831" ref="index:blog-page"/>
    <file name="jquery.musepolyfill.bgsize.js" crc="4148998990" ref="index"/>
    <file name="jquery.watch.js" crc="99325471" ref="index:blog-page"/>
    <file name="require.js" crc="4157109226" ref="index:blog-page"/>
  </folder>
  <folder name="images">
    <file name="asset 3-100-u204-fr.png" crc="4156817450" ref="index"/>
    <file name="u245-6.png" crc="3818093875" ref="index"/>
    <file name="u269-5.png" crc="183421252" ref="index"/>
    <file name="u283-6.png" crc="73114636" ref="index"/>
    <file name="pasted image 386x280-crop-u287.jpg" crc="200704348" seo="true" ref="index">
      <caption webpage="index" alt=""/>
    </file>
    <file name="pasted image 300x200-crop-u312.jpg" crc="290972559" seo="true" ref="index">
      <caption webpage="index" alt=""/>
    </file>
    <file name="pasted image 800x419-crop-u338.jpg" crc="79288472" seo="true" ref="index">
      <caption webpage="index" alt=""/>
    </file>
    <file name="u279-4.png" crc="4051234402" ref="index"/>
    <file name="going-to-an-interview-for-a-fashion-related-course-.jpg" crc="4220990096" ref="index">
      <caption webpage="index" alt=""/>
    </file>
    <file name="u369-4.png" crc="289776817" ref="index"/>
    <file name="u379-16.png" crc="4278564862" ref="index"/>
    <file name="pasted image 960x647-crop-u460.jpg" crc="3952456232" seo="true" ref="index">
      <caption webpage="index" alt=""/>
    </file>
    <file name="pasted image 520x326-crop-u463.jpg" crc="4242872048" seo="true" ref="index">
      <caption webpage="index" alt=""/>
    </file>
    <file name="pasted image 1920x1080-crop-u457.jpg" crc="4035795093" seo="true" ref="index">
      <caption webpage="index" alt=""/>
    </file>
    <file name="pasted image 1400x933-crop-u531.jpg" crc="4188516092" seo="true" ref="index">
      <caption webpage="index" alt=""/>
    </file>
    <file name="pasted image 1000x750-crop-u543.jpg" crc="4049963010" seo="true" ref="index">
      <caption webpage="index" alt=""/>
    </file>
    <file name="pasted image 1000x667-crop-u597.jpg" crc="3993866161" seo="true" ref="index">
      <caption webpage="index" alt=""/>
    </file>
    <file name="pasted image 275x183-crop-u534.jpg" crc="3810029790" seo="true" ref="index">
      <caption webpage="index" alt=""/>
    </file>
    <file name="u609-20.png" crc="200420538" ref="index"/>
    <file name="pasted image 1240x395-crop-u600.jpg" crc="3817112442" seo="true" ref="index">
      <caption webpage="index" alt=""/>
    </file>
    <file name="pasted image 300x168-crop-u540.jpg" crc="4007312345" seo="true" ref="index">
      <caption webpage="index" alt=""/>
    </file>
    <file name="fashion-school-graduates-instagram-brands-crop-u594.jpg" crc="103550647" seo="true" ref="index">
      <caption webpage="index" alt=""/>
    </file>
    <file name="pasted image 848x476-crop-u603.jpg" crc="383430007" seo="true" ref="index">
      <caption webpage="index" alt=""/>
    </file>
    <file name="pasted image 183x275-crop-u685.jpg" crc="314534601" seo="true" ref="index">
      <caption webpage="index" alt=""/>
    </file>
    <file name="pasted image 183x275-crop-u694.jpg" crc="3898717146" seo="true" ref="index">
      <caption webpage="index" alt=""/>
    </file>
    <file name="pasted image 276x183-crop-u691.jpg" crc="320315973" seo="true" ref="index">
      <caption webpage="index" alt=""/>
    </file>
    <file name="pasted image 184x274-crop-u688.jpg" crc="520622399" seo="true" ref="index">
      <caption webpage="index" alt=""/>
    </file>
    <file name="u874-4.png" crc="459024861" ref="index"/>
    <file name="pasted image 1280x720-crop-u925.jpg" crc="354339090" seo="true" ref="index">
      <caption webpage="index" alt=""/>
    </file>
    <file name="pasted image 1280x720-crop-u928.jpg" crc="532907043" seo="true" ref="index">
      <caption webpage="index" alt=""/>
    </file>
    <file name="pasted image 1280x720-crop-u931.jpg" crc="4188549765" seo="true" ref="index">
      <caption webpage="index" alt=""/>
    </file>
    <file name="u898-4.png" crc="4234426702" ref="index"/>
    <file name="u901-4.png" crc="4234426702" ref="index"/>
    <file name="u904-4.png" crc="4234426702" ref="index"/>
    <file name="pasted image 1280x720-crop-u937.jpg" crc="22031063" seo="true" ref="index">
      <caption webpage="index" alt=""/>
    </file>
    <file name="pasted image 1280x720-crop-u934.jpg" crc="4081158474" seo="true" ref="index">
      <caption webpage="index" alt=""/>
    </file>
    <file name="pasted image 1280x720-crop-u940.jpg" crc="4082351205" seo="true" ref="index">
      <caption webpage="index" alt=""/>
    </file>
    <file name="u913-4.png" crc="4234426702" ref="index"/>
    <file name="u910-4.png" crc="4234426702" ref="index"/>
    <file name="u907-4.png" crc="4234426702" ref="index"/>
    <file name="u994-4.png" crc="3783500831" ref="index"/>
    <file name="u835-4.png" crc="461322690" ref="index"/>
    <file name="u844-18.png" crc="107425398" ref="index"/>
    <file name="u820-4.png" crc="3772030253" ref="index"/>
    <file name="u838-4.png" crc="140747784" ref="index"/>
    <file name="u853-18.png" crc="107425398" ref="index"/>
    <file name="u841-4.png" crc="273215595" ref="index"/>
    <file name="u856-18.png" crc="107425398" ref="index"/>
    <file name="u865-15.png" crc="4246362778" ref="index"/>
    <file name="u868-13.png" crc="488310552" ref="index"/>
    <file name="pasted image 1125x625-crop-u1529.jpg" crc="156433680" seo="true" ref="blog-page">
      <caption webpage="blog-page" alt=""/>
    </file>
    <file name="pasted image 1125x625-crop-u1577.jpg" crc="156433680" seo="true" ref="blog-page">
      <caption webpage="blog-page" alt=""/>
    </file>
    <file name="pasted image 114x114-crop-u1614.jpg" crc="446041606" seo="true" ref="blog-page">
      <caption webpage="blog-page" alt=""/>
    </file>
    <file name="pasted image 239x211-crop-u1620.jpg" crc="4206167936" seo="true" ref="blog-page">
      <caption webpage="blog-page" alt=""/>
    </file>
    <file name="pasted image 226x223-crop-u1623.jpg" crc="3875603597" seo="true" ref="blog-page">
      <caption webpage="blog-page" alt=""/>
    </file>
    <file name="u1675-15.png" crc="244888438" ref="blog-page"/>
    <file name="u1676-13.png" crc="177472713" ref="blog-page"/>
  </folder>
  <file name="index.html" crc="3783656927" seo="true" mt="1550483753924" redirect="true"/>
  <file name="blog-page.html" crc="4225621619" seo="true" mt="1550483753897" redirect="true"/>
</manifest>